stage, timestep, time, DeformationGradient11, DeformationGradient12, DeformationGradient13, DeformationGradient21, DeformationGradient22, DeformationGradient23, DeformationGradient31, DeformationGradient32, DeformationGradient33
0, 0, 0, 1, 0, 0, 0, 1, 0, 0, 0, 1
0, 1, 0.1, 1.00008, -8.47033e-22, -8.47033e-22, 1.05879e-21, 0.999974, 2.43522e-21, 2.64698e-22, -2.32934e-21, 0.999974
0, 2, 0.2, 1.00016, -1.69407e-21, -1.69407e-21, 4.23516e-22, 0.999947, 2.22346e-21, 8.47033e-22, -3.07049e-21, 0.999947
0, 3, 0.3, 1.00024, 0, 1.69407e-21, 3.38813e-21, 0.999921, -3.91753e-21, 0, -3.38813e-21, 0.999921
0, 4, 0.4, 1.00032, -3.38813e-21, -3.38813e-21, 0, 0.999894, -3.81165e-21, -6.98802e-21, -4.87044e-21, 0.999894
0, 5, 0.5, 1.0004, -6.77626e-21, -1.10114e-20, 0, 0.999868, -1.03762e-20, 9.95264e-21, 4.44692e-21, 0.999868
0, 6, 0.6, 1.00048, 0, 3.38813e-21, -8.68209e-21, 0.999842, -2.11758e-22, -5.92923e-21, 2.11758e-22, 0.999842
0, 7, 0.7, 1.00056, 0, 1.69407e-21, 5.0822e-21, 0.999815, 1.01644e-20, -7.19978e-21, 2.11758e-21, 0.999815
0, 8, 0.8, 1.00064, -6.77626e-21, -6.77626e-21, 5.0822e-21, 0.999789, 3.38813e-21, 8.89385e-21, 8.47033e-21, 0.999789
0, 9, 0.9, 1.00072, -3.38813e-21, -2.03288e-20, 8.47033e-21, 0.999763, -7.19978e-21, 1.2282e-20, 2.11758e-21, 0.999763
0, 10, 1, 1.0008, -1.35525e-20, -2.20229e-20, 0, 0.999736, 5.92923e-21, 2.03288e-20, 1.05879e-20, 0.999736
0, 11, 1.1, 1.00088, 1.35525e-20, -3.38813e-21, -2.11758e-21, 0.99971, 7.19978e-21, -1.27055e-21, -9.31736e-21, 0.99971
0, 12, 1.2, 1.00096, 0, -8.47033e-21, 1.86347e-20, 0.999683, -5.92923e-21, 0, -1.3129e-20, 0.999683
0, 13, 1.3, 1.00104, 0, -3.38813e-21, 1.01644e-20, 0.999656, -2.03288e-20, 3.38813e-21, -1.27055e-20, 0.999656
0, 14, 1.4, 1.00112, -1.35525e-20, -2.5411e-20, 0, 0.999629, 1.52466e-20, 1.69407e-20, -1.52466e-20, 0.999629
0, 15, 1.5, 1.0012, 0, 1.69407e-20, -4.23516e-21, 0.9996, 5.92923e-21, 0, 1.27055e-20, 0.9996
0, 16, 1.6, 1.00128, -1.35525e-20, -6.26804e-20, 0, 0.99957, 8.47033e-21, 4.82809e-20, -1.69407e-20, 0.99957
0, 17, 1.7, 1.00136, 0, -1.01644e-20, 2.5411e-21, 0.999537, -4.23516e-21, 0, 5.0822e-21, 0.999537
0, 18, 1.8, 1.00144, -1.35525e-20, -3.04932e-20, 1.69407e-20, 0.999502, -1.43996e-20, 4.23516e-20, -2.5411e-20, 0.999502
0, 19, 1.9, 1.00152, -1.35525e-20, -3.38813e-20, 2.69865e-18, 0.999465, -6.44338e-18, 1.82281e-18, 4.63751e-18, 0.999465
0, 20, 2, 1.0016, 0, -3.72694e-20, 1.60089e-19, 0.999426, -1.29088e-18, 1.60936e-19, 1.15451e-18, 0.999426
0, 21, 2.1, 1.00168, -2.71051e-20, -4.40457e-20, 1.86347e-19, 0.999387, -5.54807e-19, 1.82959e-19, 4.9382e-19, 0.999387
0, 22, 2.2, 1.00176, 0, -2.03288e-20, 1.6263e-19, 0.999347, -4.59939e-19, 1.38913e-19, 3.71e-19, 0.999347
0, 23, 2.3, 1.00184, 0, 1.35525e-20, 2.18535e-19, 0.999307, -4.74338e-19, 1.47384e-19, 3.77777e-19, 0.999307
0, 24, 2.4, 1.00192, 0, -1.69407e-20, 1.55854e-19, 0.999267, -4.94667e-19, 7.6233e-20, 3.82859e-19, 0.999267
0, 25, 2.5, 1.002, 0, -3.38813e-20, 1.64324e-19, 0.999227, -4.87891e-19, 1.38913e-19, 3.26955e-19, 0.999227
0, 26, 2.6, 1.00208, 0, -1.69407e-20, 1.16891e-19, 0.999187, -4.47233e-19, 7.96211e-20, 3.81165e-19, 0.999187
0, 27, 2.7, 1.00216, -2.71051e-20, -3.38813e-20, 1.69407e-19, 0.999148, -4.55704e-19, 1.20279e-19, 3.35425e-19, 0.999148
0, 28, 2.8, 1.00224, 6.77626e-21, -6.77626e-21, 1.89735e-19, 0.999108, -4.42151e-19, 1.28749e-19, 3.0832e-19, 0.999108
0, 29, 2.9, 1.00232, 0, -1.69407e-20, 1.35525e-19, 0.999068, -4.5401e-19, 1.50772e-19, 2.91379e-19, 0.999068
0, 30, 3, 1.0024, -2.71051e-20, -4.74338e-20, 2.52416e-19, 0.999028, -3.998e-19, 1.30443e-19, 3.33731e-19, 0.999028
0, 31, 3.1, 1.00248, 6.77626e-21, 4.40457e-20, 7.45389e-20, 0.998988, -4.18434e-19, 1.50772e-19, 3.48978e-19, 0.998988
0, 32, 3.2, 1.00256, -2.71051e-20, -7.11508e-20, 2.11758e-19, 0.998948, -5.50571e-19, 1.23667e-19, 3.65918e-19, 0.998948
0, 33, 3.3, 1.00264, 0, -2.71051e-20, 1.69407e-19, 0.998908, -4.81115e-19, 1.35525e-19, 3.13402e-19, 0.998908
0, 34, 3.4, 1.00272, -2.71051e-20, -5.0822e-20, 1.69407e-19, 0.998868, -4.87891e-19, 2.04982e-19, 4.21822e-19, 0.998868
0, 35, 3.5, 1.0028, -2.71051e-20, -2.03288e-20, 2.13452e-19, 0.998829, -3.98105e-19, 9.99499e-20, 3.79471e-19, 0.998829
0, 36, 3.6, 1.00288, 0, -4.06576e-20, 2.13452e-19, 0.998789, -4.11658e-19, 7.6233e-20, 3.69306e-19, 0.998789
0, 37, 3.7, 1.00296, -2.71051e-20, -6.77626e-21, 1.69407e-19, 0.998749, -4.42151e-19, 7.96211e-20, 3.69306e-19, 0.998749
0, 38, 3.8, 1.00304, -2.71051e-20, -4.74338e-20, 2.10064e-19, 0.998709, -3.91329e-19, 1.6263e-19, 3.11708e-19, 0.998709
0, 39, 3.9, 1.00312, -2.71051e-20, -3.38813e-20, 1.69407e-19, 0.998669, -4.28599e-19, 1.60936e-19, 3.42201e-19, 0.998669
0, 40, 4, 1.0032, -5.42101e-20, 1.35525e-20, 1.96512e-19, 0.998629, -5.42101e-19, 2.57498e-19, 4.26905e-19, 0.998629
0, 41, 4.1, 1.00328, -5.42101e-20, -4.74338e-20, 2.47334e-19, 0.99859, -5.21772e-19, 8.13152e-20, 3.89635e-19, 0.99859
0, 42, 4.2, 1.00336, -5.42101e-20, -4.06576e-20, 2.64274e-19, 0.99855, 5.59042e-17, 1.35525e-19, -1.12384e-17, 0.99855
0, 43, 4.3, 1.00344, 0, -4.74338e-20, 1.18585e-19, 0.99851, -2.0837e-18, 1.25361e-19, 4.69595e-18, 0.99851
0, 44, 4.4, 1.00352, -5.42101e-20, -1.01644e-19, 3.01544e-19, 0.99847, 2.15146e-18, 2.20229e-19, 7.99599e-19, 0.99847
0, 45, 4.5, 1.0036, 0, -4.74338e-20, 1.76183e-19, 0.99843, 2.80537e-18, 1.76183e-19, 3.72694e-20, 0.99843
0, 46, 4.6, 1.00368, 0, -4.74338e-20, 1.86347e-19, 0.998391, 2.87652e-18, 1.52466e-19, 8.47033e-20, 0.998391
0, 47, 4.7, 1.00376, 0, -1.01644e-19, 2.03288e-19, 0.998351, 2.90363e-18, 2.30393e-19, -4.74338e-20, 0.998351
0, 48, 4.8, 1.00384, 0, -4.74338e-20, 1.35525e-19, 0.998311, 2.84264e-18, 2.23617e-19, 1.01644e-19, 0.998311
0, 49, 4.9, 1.00392, 0, -5.42101e-20, 2.03288e-19, 0.998271, 2.77827e-18, 2.47334e-19, 0, 0.998271
0, 50, 5, 1.004, 1.35525e-20, -6.01853e-36, 1.82959e-19, 0.998231, -4.32495e-17, 1.38913e-19, 5.27159e-17, 0.998231
1, 1, 5.2, 1.00384, 0, -5.42101e-20, 1.86347e-19, 0.998257, 1.7249e-17, 2.33781e-19, 4.35036e-18, 0.998257
1, 2, 5.4, 1.00368, 0, -4.74338e-20, 2.1684e-19, 0.998308, -7.28177e-17, 1.96512e-19, 1.24538e-16, 0.998308
1, 3, 5.6, 1.00352, 0, -4.74338e-20, 8.13152e-20, 0.99836, -3.49587e-17, 1.55854e-19, 8.16811e-17, 0.99836
1, 4, 5.8, 1.00336, -5.42101e-20, -6.77626e-20, 8.13152e-20, 0.998412, -4.42829e-18, 1.79571e-19, 8.95483e-18, 0.998412
1, 5, 6, 1.0032, 6.01853e-36, 1.35525e-20, 1.05032e-19, 0.998465, -4.98055e-18, 2.77827e-19, 1.73303e-17, 0.998465
1, 6, 6.2, 1.00304, -2.71051e-20, 6.77626e-21, 9.14796e-20, 0.998518, -5.59381e-17, 0, 6.69935e-17, 0.998518
1, 7, 6.4, 1.00288, -1.35525e-20, -1.35525e-20, 2.27005e-19, 0.99857, 1.44267e-17, 1.52466e-19, 2.72474e-17, 0.99857
1, 8, 6.6, 1.00272, -2.71051e-20, -4.40457e-20, 2.1684e-19, 0.998623, -4.10709e-17, 1.79571e-19, 7.85979e-17, 0.998623
1, 9, 6.8, 1.00256, -2.71051e-20, -7.11508e-20, 2.1684e-19, 0.998675, -8.34565e-17, 1.67713e-19, 1.46089e-16, 0.998675
1, 10, 7, 1.0024, 6.77626e-21, -1.35525e-20, 1.69407e-19, 0.998728, -8.20216e-17, 1.33831e-19, 7.66192e-17, 0.998728
1, 11, 7.2, 1.00224, -2.71051e-20, -3.72694e-20, 2.10064e-19, 0.99878, 5.24008e-17, 1.25361e-19, 3.20687e-17, 0.99878
1, 12, 7.4, 1.00208, 0, -2.03288e-20, 2.03288e-19, 0.998833, -6.95041e-17, 1.98206e-19, 6.32022e-17, 0.998833
1, 13, 7.6, 1.00192, 0, -3.04932e-20, 2.10064e-19, 0.998886, -5.06848e-17, 1.77877e-19, 1.12118e-16, 0.998886
1, 14, 7.8, 1.00176, 0, -2.37169e-20, 2.43945e-19, 0.998939, -3.16536e-17, 1.5416e-19, 6.37308e-18, 0.998939
1, 15, 8, 1.0016, -2.71051e-20, -2.03288e-20, 2.03288e-19, 0.998995, 2.72152e-17, 1.40607e-19, 4.66021e-17, 0.998995
1, 16, 8.2, 1.00144, -1.35525e-20, -4.74338e-20, 1.69407e-19, 0.999058, 4.57347e-17, 1.84653e-19, -5.77236e-17, 0.999058
1, 17, 8.4, 1.00128, -1.35525e-20, -3.21873e-20, 1.69407e-19, 0.999134, -2.21957e-17, 1.37219e-19, 2.1662e-17, 0.999134
1, 18, 8.6, 1.00112, -1.35525e-20, -2.87991e-20, 2.10064e-19, 0.999214, -3.339e-18, 1.52466e-19, 8.04851e-18, 0.999214
1, 19, 8.8, 1.00096, 0, -2.20229e-20, 1.59242e-19, 0.999294, -1.0266e-18, 1.4569e-19, 5.7666e-18, 0.999294
1, 20, 9, 1.0008, 1.50463e-36, -8.47033e-21, 1.66865e-19, 0.999374, -7.07273e-19, 1.38913e-19, 5.42948e-18, 0.999374
1, 21, 9.2, 1.00064, 0, -2.03288e-20, 1.47384e-19, 0.999454, -6.47133e-19, 1.49078e-19, 5.40661e-18, 0.999454
1, 22, 9.4, 1.00048, 0, -6.77626e-21, 1.93124e-19, 0.999534, -6.44592e-19, 1.06726e-19, 5.39475e-18, 0.999534
1, 23, 9.6, 1.00032, -2.5411e-21, 5.64237e-37, 1.69407e-19, 0.999614, -6.37816e-19, 1.25361e-19, 5.39221e-18, 0.999614
1, 24, 9.8, 1.00016, 4.23516e-22, -4.44692e-21, 2.74261e-17, 0.999694, -2.94801e-17, 7.94305e-18, 7.84395e-18, 0.999694
1, 25, 10, 1, -9.0278e-36, -6.01853e-36, 3.96538e-18, 0.999774, -6.25763e-17, 1.29765e-18, 2.97986e-17, 0.999774
1, 26, 10.2, 0.99984, 1.69407e-21, 5.0822e-21, 3.9408e-17, 0.999854, -4.4516e-17, 7.26437e-18, 1.45054e-17, 0.999854
1, 27, 10.4, 0.99968, 0, 5.92923e-21, 7.21335e-17, 0.999934, -6.17876e-17, 3.27917e-17, 2.66977e-17, 0.999934
1, 28, 10.6, 0.99952, 0, 7.6233e-21, 4.24112e-17, 1.00001, -5.52503e-17, -5.92791e-18, 1.50772e-17, 1.00001
1, 29, 10.8, 0.99936, 6.77626e-21, 4.23516e-21, -1.00166e-16, 1.00009, 9.33638e-17, -1.09236e-16, -5.10899e-17, 1.00009
1, 30, 11, 0.9992, -1.35525e-20, -1.52466e-20, -1.16899e-17, 1.00017, 2.36314e-17, -5.508e-17, -7.82591e-17, 1.00017
1, 31, 11.2, 0.99904, 0, 1.18585e-20, -2.02017e-17, 1.00025, -1.49692e-16, -3.74334e-17, 1.15293e-16, 1.00025
1, 32, 11.4, 0.99888, 1.35525e-20, 2.37169e-20, 2.23896e-17, 1.00033, -7.92315e-17, -2.93154e-17, 9.21902e-17, 1.00033
1, 33, 11.6, 0.99872, 1.35525e-20, 1.01644e-20, 2.47605e-17, 1.00041, 1.21271e-16, 3.65071e-19, -5.74856e-17, 1.00041
1, 34, 11.8, 0.99856, 6.77626e-21, 3.38813e-21, 2.2792e-17, 1.00049, 1.31903e-16, 2.77691e-17, -2.91718e-17, 1.00049
1, 35, 12, 0.9984, 2.71051e-20, 2.71051e-20, 8.7795e-18, 1.00057, 1.786e-16, -6.26974e-18, -1.4094e-16, 1.00057
1, 36, 12.2, 0.99824, 0, 2.71051e-20, -3.41185e-17, 1.00065, 3.04308e-16, -6.5928e-17, -1.9451e-16, 1.00065
1, 37, 12.4, 0.99808, 0, 3.72694e-20, -3.85078e-17, 1.00073, 2.60739e-16, -5.98598e-17, -2.48316e-16, 1.00073
1, 38, 12.6, 0.99792, 0, 3.72694e-20, -3.91126e-17, 1.00081, 2.09121e-16, -6.80591e-17, -5.01545e-17, 1.00081
1, 39, 12.8, 0.99776, 2.71051e-20, 4.74338e-20, -9.54132e-17, 1.0009, 2.336e-16, -5.99513e-17, -4.54264e-17, 1.0009
1, 40, 13, 0.9976, 2.71051e-20, 7.45389e-20, -3.91854e-17, 1.00098, 2.16798e-16, -6.82827e-17, -6.84047e-17, 1.00098
1, 41, 13.2, 0.99744, 0, 2.37169e-20, 5.70494e-17, 1.00106, 2.3228e-16, 3.69544e-17, -9.46966e-17, 1.00106
1, 42, 13.4, 0.99728, 0, 2.37169e-20, -6.77169e-17, 1.00114, 2.17545e-16, -2.81723e-17, -6.1149e-17, 1.00114
1, 43, 13.6, 0.99712, 1.35525e-20, 6.77626e-21, -5.88197e-17, 1.00122, 2.53085e-16, -2.93971e-17, -1.00651e-16, 1.00122
1, 44, 13.8, 0.99696, 2.71051e-20, 6.09864e-20, -8.27534e-17, 1.0013, 1.59877e-16, -6.97227e-17, -1.8794e-17, 1.0013
1, 45, 14, 0.9968, -5.42101e-20, 2.03288e-20, -7.09881e-17, 1.00138, 2.29475e-16, -2.62038e-17, 4.76575e-17, 1.00138
1, 46, 14.2, 0.99664, -5.42101e-20, 7.45389e-20, -5.24754e-17, 1.00146, 1.8094e-16, -6.75255e-18, 8.38156e-17, 1.00146
1, 47, 14.4, 0.99648, 0, 5.42101e-20, -7.5779e-17, 1.00154, 1.41726e-16, -7.71715e-17, 9.77781e-17, 1.00154
1, 48, 14.6, 0.99632, 0, 5.42101e-20, -2.54076e-17, 1.00162, 4.15978e-16, -5.00969e-17, -2.3229e-17, 1.00162
1, 49, 14.8, 0.99616, 0, 9.48677e-20, -5.28752e-17, 1.0017, 2.80514e-16, -1.42844e-17, 4.31411e-17, 1.0017
1, 50, 15, 0.996, 5.42101e-20, 6.77626e-20, -1.44423e-16, 1.00178, 3.3365e-16, -1.05855e-16, -2.65562e-17, 1.00178
2, 1, 15.08, 0.99616, 0, 1.35525e-20, -1.06069e-16, 1.00174, 2.12344e-16, -1.25862e-16, 1.83705e-17, 1.00174
2, 2, 15.16, 0.99632, 0, 3.38813e-20, -1.11121e-16, 1.00169, 1.80804e-16, -1.00492e-16, 8.80711e-17, 1.00169
2, 3, 15.24, 0.99648, 0, -6.77626e-21, -3.16214e-17, 1.00163, 1.62397e-16, -3.52806e-17, 4.93278e-17, 1.00163
2, 4, 15.32, 0.99664, -6.01853e-36, 5.42101e-20, -1.01525e-16, 1.00158, 1.47838e-16, -1.16623e-16, 6.32395e-17, 1.00158
2, 5, 15.4, 0.9968, 5.42101e-20, -1.35525e-20, -1.16738e-16, 1.00153, 2.07618e-16, -1.42756e-16, 2.40761e-17, 1.00153
2, 6, 15.48, 0.99696, 2.71051e-20, 4.74338e-20, -4.7095e-17, 1.00147, 2.06219e-16, -6.49776e-17, 1.17941e-17, 1.00147
2, 7, 15.56, 0.99712, 2.03288e-20, 1.35525e-20, -8.27178e-17, 1.00142, 1.96773e-16, -1.07668e-16, 3.9692e-17, 1.00142
2, 8, 15.64, 0.99728, 2.71051e-20, 1.01644e-19, -1.16992e-16, 1.00137, 1.40638e-16, -9.30855e-17, 4.45776e-17, 1.00137
2, 9, 15.72, 0.99744, 2.71051e-20, 1.69407e-20, -9.35345e-17, 1.00131, 2.16978e-16, -8.26484e-17, 1.96139e-17, 1.00131
2, 10, 15.8, 0.9976, 2.71051e-20, 1.35525e-20, -1.29393e-16, 1.00126, 2.22185e-16, -8.3199e-17, -8.38054e-18, 1.00126
2, 11, 15.88, 0.99776, 0, 1.69407e-20, -7.67175e-17, 1.00121, 1.9443e-16, -9.68684e-17, 3.41507e-17, 1.00121
2, 12, 15.96, 0.99792, 0, 2.03288e-20, -1.35173e-16, 1.00116, 3.1646e-16, -9.1566e-17, -6.6138e-17, 1.00116
2, 13, 16.04, 0.99808, 0, 3.04932e-20, -5.96481e-17, 1.0011, 2.56966e-16, -7.5845e-17, -2.68899e-17, 1.0011
2, 14, 16.12, 0.99824, 0, 1.69407e-20, -1.5353e-16, 1.00105, 2.65956e-16, -1.81284e-16, -2.37847e-17, 1.00105
2, 15, 16.2, 0.9984, -2.71051e-20, -2.03288e-20, -2.40795e-17, 1.001, 1.80947e-16, 5.53282e-18, -3.49825e-18, 1.001
2, 16, 16.28, 0.99856, 6.77626e-21, -6.77626e-21, -1.74823e-16, 1.00094, 2.48269e-16, -1.95543e-16, 2.46741e-17, 1.00094
2, 17, 16.36, 0.99872, 1.35525e-20, 3.72694e-20, -1.68532e-16, 1.00088, 2.64827e-16, -1.764e-16, 4.61802e-18, 1.00088
2, 18, 16.44, 0.99888, 1.35525e-20, 3.04932e-20, -1.57411e-16, 1.00081, 1.77912e-16, -1.85849e-16, 4.35697e-17, 1.00081
2, 19, 16.52, 0.99904, 0, 2.37169e-20, -9.79373e-17, 1.00073, 1.74795e-16, -8.86386e-17, 5.32208e-17, 1.00073
2, 20, 16.6, 0.9992, 0, -1.69407e-21, -1.55624e-16, 1.00065, 8.53301e-18, -1.45781e-16, 1.92981e-16, 1.00065
2, 21, 16.68, 0.99936, -1.69407e-21, 2.5411e-21, -1.17932e-16, 1.00057, -4.53993e-17, -1.13153e-16, 2.84733e-16, 1.00057
2, 22, 16.76, 0.99952, 0, 1.69407e-21, -1.67552e-16, 1.00049, -5.27702e-18, -1.53961e-16, 2.25027e-16, 1.00049
2, 23, 16.84, 0.99968, 3.38813e-21, 5.50571e-21, -1.67592e-16, 1.00041, 6.45371e-17, -1.62637e-16, 1.01957e-16, 1.00041
2, 24, 16.92, 0.99984, 1.27055e-21, 9.1056e-21, -1.50433e-16, 1.00033, 3.68459e-18, -1.14235e-16, 1.42545e-16, 1.00033
2, 25, 17, 1, -1.92593e-34, -5.05557e-34, -1.27315e-16, 1.00025, -4.52112e-17, -7.90006e-17, 1.81753e-16, 1.00025
2, 26, 17.08, 1.00016, -1.27055e-21, -4.23516e-21, -1.73831e-16, 1.00017, -7.80147e-17, -9.32431e-17, 1.56314e-16, 1.00017
2, 27, 17.16, 1.00032, -3.38813e-21, -1.43996e-20, -2.16237e-16, 1.00009, -1.75033e-16, -1.34837e-16, 2.44943e-16, 1.00009
2, 28, 17.24, 1.00048, 0, -4.23516e-21, -1.51611e-16, 1.00001, -1.47791e-16, -1.85678e-16, 2.12261e-16, 1.00001
2, 29, 17.32, 1.00064, -6.77626e-21, -1.27055e-20, -1.75894e-16, 0.999927, -2.37172e-16, -1.02879e-16, 3.17961e-16, 0.999927
2, 30, 17.4, 1.0008, 0, -1.69407e-20, -1.1019e-16, 0.999847, -1.70479e-16, -9.49225e-17, 2.84525e-16, 0.999847
2, 31, 17.48, 1.00096, 0, -1.01644e-20, -1.41589e-16, 0.999767, -3.05007e-16, -1.1394e-16, 3.50635e-16, 0.999767
2, 32, 17.56, 1.00112, 0, 1.69407e-21, -1.6257e-16, 0.999688, -3.71847e-16, -1.55171e-16, 3.43617e-16, 0.999688
2, 33, 17.64, 1.00128, -1.35525e-20, -4.23516e-20, -2.0508e-16, 0.999608, -3.53846e-16, -1.66111e-16, 4.31265e-16, 0.999608
2, 34, 17.72, 1.00144, 0, 6.77626e-21, -1.98857e-16, 0.999528, -3.04667e-16, -1.89266e-16, 2.6049e-16, 0.999528
2, 35, 17.8, 1.0016, 2.71051e-20, 2.37169e-20, -1.67724e-16, 0.999448, -3.37069e-16, -1.68097e-16, 3.14011e-16, 0.999448
2, 36, 17.88, 1.00176, -2.71051e-20, -4.74338e-20, -1.44705e-16, 0.999368, -3.34808e-16, -1.30028e-16, 3.75817e-16, 0.999368
2, 37, 17.96, 1.00192, 0, -2.37169e-20, -1.89141e-16, 0.999288, -3.58602e-16, -1.4995e-16, 3.1812e-16, 0.999288
2, 38, 18.04, 1.00208, 0, -2.71051e-20, -1.94001e-16, 0.999209, -2.62045e-16, -1.51609e-16, 2.50256e-16, 0.999209
2, 39, 18.12, 1.00224, 6.77626e-21, -3.72694e-20, -1.37634e-16, 0.999129, -2.99323e-16, -1.18542e-16, 2.94967e-16, 0.999129
2, 40, 18.2, 1.0024, -2.71051e-20, -6.43745e-20, -2.16275e-16, 0.999049, -2.68371e-16, -1.82334e-16, 2.62765e-16, 0.999049
2, 41, 18.28, 1.00256, 0, -6.77626e-21, -1.65542e-16, 0.998969, -3.05982e-16, -1.19054e-16, 2.96434e-16, 0.998969
2, 42, 18.36, 1.00272, -2.03288e-20, -2.71051e-20, -1.87138e-16, 0.99889, -3.53668e-16, -9.53048e-17, 4.21463e-16, 0.99889
2, 43, 18.44, 1.00288, -2.71051e-20, -6.09864e-20, -1.84074e-16, 0.99881, -2.82345e-16, -1.46837e-16, 2.52458e-16, 0.99881
2, 44, 18.52, 1.00304, -5.42101e-20, -5.42101e-20, -1.82305e-16, 0.99873, -3.29846e-16, -1.00456e-16, 3.40507e-16, 0.99873
2, 45, 18.6, 1.0032, -5.42101e-20, -4.06576e-20, -1.92012e-16, 0.99865, -2.52888e-16, -9.45357e-17, 2.60681e-16, 0.99865
2, 46, 18.68, 1.00336, 0, -4.74338e-20, -2.01072e-16, 0.998571, -2.57522e-16, -9.98211e-17, 2.32331e-16, 0.998571
2, 47, 18.76, 1.00352, -5.42101e-20, -9.48677e-20, -7.8398e-17, 0.998491, -2.33009e-16, -8.61263e-18, 2.54571e-16, 0.998491
2, 48, 18.84, 1.00368, 0, -3.38813e-20, -1.50965e-16, 0.998412, -3.22811e-16, -6.23044e-17, 2.65281e-16, 0.998412
2, 49, 18.92, 1.00384, 0, -6.77626e-21, -1.16592e-16, 0.998332, -2.59389e-16, -3.04898e-17, 2.53683e-16, 0.998332
2, 50, 19, 1.004, 0, -2.03288e-20, -1.74489e-16, 0.998252, -3.14964e-16, -6.3768e-17, 1.89986e-16, 0.998252
3, 1, 19.08, 1.00384, 0, -3.38813e-20, -1.41221e-16, 0.998278, -2.9491e-16, -7.71207e-17, 2.4155e-16, 0.998278
3, 2, 19.16, 1.00368, 0, -4.06576e-20, -1.66472e-16, 0.998328, -3.36028e-16, -9.31906e-17, 2.58372e-16, 0.998328
3, 3, 19.24, 1.00352, 0, -4.74338e-20, -1.27682e-16, 0.99838, -2.87551e-16, -2.79453e-17, 3.18098e-16, 0.99838
3, 4, 19.32, 1.00336, 0, -9.48677e-20, -1.72602e-16, 0.998433, -3.25162e-16, -5.74966e-17, 1.79974e-16, 0.998433
3, 5, 19.4, 1.0032, -5.42101e-20, -5.42101e-20, -1.67364e-16, 0.998485, -2.8276e-16, -9.30618e-17, 2.00134e-16, 0.998485
3, 6, 19.48, 1.00304, -3.00927e-36, 3.38813e-20, -1.76661e-16, 0.998538, -2.34005e-16, -1.00871e-16, 3.10211e-16, 0.998538
3, 7, 19.56, 1.00288, -2.03288e-20, 4.5139e-36, -1.32415e-16, 0.99859, -3.23241e-16, -2.78437e-17, 3.29204e-16, 0.99859
3, 8, 19.64, 1.00272, -2.71051e-20, -7.7927e-20, -1.09008e-16, 0.998643, -3.71934e-16, -3.20856e-18, 3.97853e-16, 0.998643
3, 9, 19.72, 1.00256, 0, -2.03288e-20, -1.38663e-16, 0.998695, -3.59857e-16, -2.9143e-17, 3.76975e-16, 0.998695
3, 10, 19.8, 1.0024, -2.71051e-20, -3.38813e-20, -2.18424e-16, 0.998748, -4.37703e-16, -8.70445e-17, 3.87413e-16, 0.998748
3, 11, 19.88, 1.00224, 0, -2.37169e-20, -1.90877e-16, 0.998801, -1.94008e-16, -9.97042e-17, 1.65647e-16, 0.998801
3, 12, 19.96, 1.00208, 0, -1.69407e-20, -9.357e-17, 0.998853, -2.9686e-16, 2.13283e-17, 3.18957e-16, 0.998853
3, 13, 20.04, 1.00192, 2.71051e-20, -6.77626e-21, -1.53879e-16, 0.998906, -2.45829e-16, -8.23045e-17, 2.17532e-16, 0.998906
3, 14, 20.12, 1.00176, -2.71051e-20, -5.42101e-20, -1.54067e-16, 0.998959, -1.71638e-16, -4.9321e-17, 1.52718e-16, 0.998959
3, 15, 20.2, 1.0016, 0, -4.40457e-20, -1.28288e-16, 0.999012, -3.07995e-16, -5.28294e-17, 3.23179e-16, 0.999012
3, 16, 20.28, 1.00144, -1.35525e-20, -3.04932e-20, -1.68316e-16, 0.999066, -3.61703e-16, -6.12218e-17, 3.39164e-16, 0.999066
3, 17, 20.36, 1.00128, 0, 3.38813e-21, -1.56074e-16, 0.999125, -1.8838e-16, -8.27754e-17, 1.23199e-16, 0.999125
3, 18, 20.44, 1.00112, -1.35525e-20, -3.04932e-20, -1.81501e-16, 0.999194, -2.303e-16, -9.77967e-17, 2.24438e-16, 0.999194
3, 19, 20.52, 1.00096, 0, -2.71051e-20, -2.03484e-16, 0.999272, -1.82444e-16, -9.9213e-17, 2.4422e-16, 0.999272
3, 20, 20.6, 1.0008, -1.35525e-20, -1.69407e-20, -2.07301e-16, 0.999352, -1.50143e-16, -1.03697e-16, 2.24536e-16, 0.999352
3, 21, 20.68, 1.00064, 0, 3.38813e-21, -1.5668e-16, 0.999431, -7.44017e-17, -7.97668e-17, 1.51084e-16, 0.999431
3, 22, 20.76, 1.00048, 0, -1.10114e-20, -1.62893e-16, 0.999511, -2.17701e-16, -2.18535e-17, 1.82852e-16, 0.999511
3, 23, 20.84, 1.00032, -3.38813e-21, -5.92923e-21, -6.69893e-17, 0.999591, -2.46561e-16, 4.02807e-17, 2.43934e-16, 0.999591
3, 24, 20.92, 1.00016, -1.69407e-21, -7.19978e-21, -1.44201e-16, 0.999671, -1.83552e-16, -1.10601e-17, 1.99076e-16, 0.999671
3, 25, 21, 1, -1.92593e-34, 3.20732e-50, -9.25972e-17, 0.999751, -2.4287e-16, 1.80143e-17, 2.58306e-16, 0.999751
3, 26, 21.08, 0.99984, 1.69407e-21, 2.11758e-21, -6.88267e-17, 0.999831, -2.25609e-16, 5.53794e-17, 2.31709e-16, 0.999831
3, 27, 21.16, 0.99968, 0, 5.0822e-21, -1.37953e-16, 0.999911, -2.40002e-16, -1.47589e-17, 2.63213e-16, 0.999911
3, 28, 21.24, 0.99952, 0, 8.47033e-21, 2.80377e-17, 0.999991, -2.71399e-16, 1.24915e-16, 3.20972e-16, 0.999991
3, 29, 21.32, 0.99936, 0, 5.0822e-21, 1.05595e-16, 1.00007, -2.72128e-16, 2.03107e-16, 3.08148e-16, 1.00007
3, 30, 21.4, 0.9992, -1.35525e-20, 3.38813e-21, 3.51491e-17, 1.00015, -2.61966e-16, 1.93755e-16, 2.84376e-16, 1.00015
3, 31, 21.48, 0.99904, 0, 1.01644e-20, -8.09298e-18, 1.00023, -1.48045e-16, 8.0513e-17, 2.25616e-16, 1.00023
3, 32, 21.56, 0.99888, 0, 2.37169e-20, -9.84964e-17, 1.00031, -1.35313e-16, -3.75248e-17, 2.07635e-16, 1.00031
3, 33, 21.64, 0.99872, -3.38813e-21, 3.72694e-20, -1.33844e-16, 1.00039, -8.69056e-17, -7.59534e-18, 1.46101e-16, 1.00039
3, 34, 21.72, 0.99856, 1.35525e-20, 5.42101e-20, -1.15773e-16, 1.00047, -1.57008e-16, -1.34458e-17, 2.28739e-16, 1.00047
3, 35, 21.8, 0.9984, 0, 3.38813e-20, -5.32538e-17, 1.00055, -1.76487e-16, 8.12186e-17, 2.05353e-16, 1.00055
3, 36, 21.88, 0.99824, -2.71051e-20, -6.01853e-36, 5.58754e-17, 1.00063, -1.92775e-16, 1.36437e-16, 3.06756e-16, 1.00063
3, 37, 21.96, 0.99808, 0, 4.40457e-20, -5.5789e-17, 1.00071, -8.62144e-17, 9.90639e-17, 1.22669e-16, 1.00071
3, 38, 22.04, 0.99792, 0, 2.03288e-20, 2.47825e-17, 1.00079, -2.81139e-16, 1.05517e-16, 3.93122e-16, 1.00079
3, 39, 22.12, 0.99776, 2.71051e-20, 3.72694e-20, 5.42508e-17, 1.00087, -2.45067e-16, 1.0931e-16, 2.3971e-16, 1.00087
3, 40, 22.2, 0.9976, 2.03288e-20, 3.72694e-20, 1.041e-17, 1.00095, -2.85892e-16, 1.18505e-16, 3.00649e-16, 1.00095
3, 41, 22.28, 0.99744, 0, -1.35525e-20, 1.17245e-16, 1.00103, -2.02668e-16, 1.86711e-16, 1.98844e-16, 1.00103
3, 42, 22.36, 0.99728, 2.71051e-20, 3.38813e-20, 1.1796e-16, 1.00111, -1.91697e-16, 1.66794e-16, 1.55536e-16, 1.00111
3, 43, 22.44, 0.99712, 2.03288e-20, 4.74338e-20, 1.80684e-16, 1.00119, -1.86229e-16, 2.41809e-16, 2.70427e-16, 1.00119
3, 44, 22.52, 0.99696, 3.00927e-36, 8.80914e-20, 1.71502e-16, 1.00127, -6.76441e-17, 2.86522e-16, 1.63325e-16, 1.00127
3, 45, 22.6, 0.9968, 5.42101e-20, 1.01644e-19, 1.83205e-16, 1.00135, -1.29161e-16, 2.67039e-16, 1.97066e-16, 1.00135
3, 46, 22.68, 0.99664, 0, -1.35525e-20, 1.56356e-16, 1.00143, -1.62685e-16, 2.60541e-16, 3.12301e-16, 1.00143
3, 47, 22.76, 0.99648, 0, 7.45389e-20, 1.97332e-16, 1.00152, -7.70868e-17, 3.17346e-16, 2.6176e-16, 1.00152
3, 48, 22.84, 0.99632, 0, 9.48677e-20, 9.2618e-17, 1.0016, -1.83837e-16, 2.00283e-16, 3.4131e-16, 1.0016
3, 49, 22.92, 0.99616, 0, 1.0842e-19, 1.5459e-16, 1.00168, -7.04562e-17, 1.93242e-16, 3.30624e-16, 1.00168
3, 50, 23, 0.996, 0, 4.06576e-20, 2.03566e-16, 1.00176, 3.339e-17, 2.49458e-16, 3.22747e-16, 1.00176
4, 1, 23.032, 0.99616, 0, 2.71051e-20, 1.61553e-16, 1.00171, 2.91752e-17, 2.29048e-16, 2.84728e-16, 1.00171
4, 2, 23.064, 0.99632, 0, 4.74338e-20, 1.83976e-16, 1.00166, 9.05546e-17, 2.59819e-16, 2.14567e-16, 1.00166
4, 3, 23.096, 0.99648, 0, 3.38813e-20, 2.04694e-16, 1.00161, -4.7671e-18, 2.80263e-16, 3.13697e-16, 1.00161
4, 4, 23.128, 0.99664, 0, 6.77626e-20, 1.76013e-16, 1.00156, -5.86418e-17, 2.75154e-16, 4.01185e-16, 1.00156
4, 5, 23.16, 0.9968, 5.42101e-20, 4.06576e-20, 1.27092e-16, 1.0015, -2.50756e-17, 2.10281e-16, 3.82923e-16, 1.0015
4, 6, 23.192, 0.99696, 2.71051e-20, 8.80914e-20, 2.33361e-16, 1.00145, 1.06353e-17, 3.18867e-16, 2.90739e-16, 1.00145
4, 7, 23.224, 0.99712, 2.71051e-20, 6.77626e-21, 1.70542e-16, 1.0014, -5.17368e-17, 2.47547e-16, 3.56408e-16, 1.0014
4, 8, 23.256, 0.99728, 2.71051e-20, 3.38813e-20, 2.01599e-16, 1.00135, -9.97754e-17, 2.99475e-16, 3.78963e-16, 1.00135
4, 9, 23.288, 0.99744, 0, -3.38813e-21, 9.78442e-17, 1.00129, -8.41883e-17, 2.00061e-16, 3.69005e-16, 1.00129
4, 10, 23.32, 0.9976, 2.71051e-20, 5.42101e-20, 8.06765e-17, 1.00124, -2.73744e-17, 1.8643e-16, 3.16489e-16, 1.00124
4, 11, 23.352, 0.99776, 0, 2.37169e-20, 9.76697e-17, 1.00119, -3.38407e-17, 2.12969e-16, 3.51187e-16, 1.00119
4, 12, 23.384, 0.99792, 2.71051e-20, 4.74338e-20, 1.12379e-16, 1.00113, -1.24327e-16, 2.11948e-16, 3.82203e-16, 1.00113
4, 13, 23.416, 0.99808, 0, 5.0822e-20, 1.64824e-16, 1.00108, -2.2797e-17, 2.53109e-16, 3.56521e-16, 1.00108
4, 14, 23.448, 0.99824, 0, 6.77626e-21, 1.36238e-16, 1.00103, 2.60429e-17, 1.99085e-16, 2.94769e-16, 1.00103
4, 15, 23.48, 0.9984, 2.71051e-20, 1.69407e-20, 7.76238e-17, 1.00097, -2.87669e-17, 1.73615e-16, 3.16057e-16, 1.00097
4, 16, 23.512, 0.99856, 1.01644e-20, -1.01644e-20, 1.70503e-16, 1.00092, -4.38746e-17, 2.36763e-16, 3.64312e-16, 1.00092
4, 17, 23.544, 0.99872, 1.35525e-20, 1.52466e-20, 2.18396e-16, 1.00087, 2.08082e-17, 2.6873e-16, 3.16596e-16, 1.00087
4, 18, 23.576, 0.99888, 1.35525e-20, 2.20229e-20, 8.13169e-17, 1.00081, -2.53466e-17, 1.91589e-16, 3.20926e-16, 1.00081
4, 19, 23.608, 0.99904, 0, 1.18585e-20, 9.0907e-17, 1.00074, -4.66376e-18, 1.39555e-16, 3.66293e-16, 1.00074
4, 20, 23.64, 0.9992, -1.35525e-20, 1.18585e-20, 1.34636e-16, 1.00067, 4.71653e-17, 1.74831e-16, 2.76089e-16, 1.00067
4, 21, 23.672, 0.99936, 6.77626e-21, 2.4564e-20, 2.1077e-16, 1.00059, -7.40451e-17, 2.77036e-16, 4.25077e-16, 1.00059
4, 22, 23.704, 0.99952, 0, 1.10114e-20, 1.74744e-16, 1.00051, -2.69356e-17, 2.5115e-16, 4.06135e-16, 1.00051
4, 23, 23.736, 0.99968, 0, -2.11758e-21, 1.51006e-16, 1.00043, 5.57026e-17, 2.15761e-16, 3.19572e-16, 1.00043
4, 24, 23.768, 0.99984, 0, 8.47033e-22, 1.46575e-16, 1.00035, 2.06718e-17, 1.6354e-16, 3.0876e-16, 1.00035
4, 25, 23.8, 1, 0, 1.20371e-34, 1.4755e-16, 1.00027, 4.13678e-17, 1.59864e-16, 2.97359e-16, 1.00027
4, 26, 23.832, 1.00016, -1.69407e-21, -3.59989e-21, 1.47262e-16, 1.00019, 4.38907e-17, 1.87533e-16, 2.64657e-16, 1.00019
4, 27, 23.864, 1.00032, -3.38813e-21, -3.38813e-21, 2.04384e-16, 1.00011, -4.29403e-18, 2.17319e-16, 4.40727e-16, 1.00011
4, 28, 23.896, 1.00048, 0, -6.77626e-21, 1.60012e-16, 1.00003, 1.46552e-16, 2.03197e-16, 2.21498e-16, 1.00003
4, 29, 23.928, 1.00064, -6.77626e-21, -2.20229e-20, 1.28931e-16, 0.99995, 7.6926e-17, 1.69408e-16, 2.61501e-16, 0.99995
4, 30, 23.96, 1.0008, -1.35525e-20, -1.18585e-20, 1.88389e-16, 0.999871, 1.20675e-16, 2.03075e-16, 2.67288e-16, 0.999871
4, 31, 23.992, 1.00096, 0, -2.5411e-20, 1.5508e-16, 0.999791, 1.03813e-16, 1.61238e-16, 2.73897e-16, 0.999791
4, 32, 24.024, 1.00112, -1.35525e-20, -3.72694e-20, 1.30316e-16, 0.999711, 6.93123e-17, 1.61184e-16, 2.36565e-16, 0.999711
4, 33, 24.056, 1.00128, -1.01644e-20, -3.38813e-20, 1.17952e-16, 0.999631, 4.81733e-17, 1.20566e-16, 2.25118e-16, 0.999631
4, 34, 24.088, 1.00144, -1.35525e-20, -2.37169e-20, 7.203e-17, 0.999551, 2.31316e-17, 7.88681e-17, 2.46035e-16, 0.999551
4, 35, 24.12, 1.0016, 2.71051e-20, 3.38813e-21, 8.5242e-17, 0.999471, 6.7578e-17, 1.28599e-16, 2.4901e-16, 0.999471
4, 36, 24.152, 1.00176, 0, -2.71051e-20, 1.3595e-16, 0.999391, 4.14546e-17, 1.43478e-16, 2.33859e-16, 0.999391
4, 37, 24.184, 1.00192, 0, -4.40457e-20, 1.07333e-16, 0.999311, 9.64821e-17, 1.09028e-16, 2.03179e-16, 0.999311
4, 38, 24.216, 1.00208, 0, -1.69407e-20, 1.87154e-16, 0.999232, 1.94445e-17, 1.70282e-16, 2.90766e-16, 0.999232
4, 39, 24.248, 1.00224, 0, -1.35525e-20, 1.7973e-16, 0.999152, 4.18333e-17, 1.97794e-16, 1.83633e-16, 0.999152
4, 40, 24.28, 1.0024, -2.71051e-20, 3.38813e-21, 2.123e-16, 0.999072, 5.853e-18, 2.06102e-16, 2.82662e-16, 0.999072
4, 41, 24.312, 1.00256, -2.71051e-20, -4.74338e-20, 2.03666e-16, 0.998992, -2.32392e-17, 2.37789e-16, 2.1639e-16, 0.998992
4, 42, 24.344, 1.00272, -2.03288e-20, -2.37169e-20, 1.5466e-16, 0.998913, -4.06965e-17, 1.73361e-16, 3.62705e-16, 0.998913
4, 43, 24.376, 1.00288, -2.71051e-20, -5.42101e-20, 2.29129e-16, 0.998833, -5.82471e-17, 2.26525e-16, 3.15916e-16, 0.998833
4, 44, 24.408, 1.00304, -2.71051e-20, -1.35525e-20, 2.25478e-16, 0.998753, -7.36597e-17, 2.08626e-16, 3.60396e-16, 0.998753
4, 45, 24.44, 1.0032, 0, -6.77626e-20, 2.00239e-16, 0.998674, -9.17032e-17, 2.0561e-16, 3.78024e-16, 0.998674
4, 46, 24.472, 1.00336, 0, -1.01644e-19, 2.34411e-16, 0.998594, -1.50365e-17, 2.27201e-16, 2.00486e-16, 0.998594
4, 47, 24.504, 1.00352, -5.42101e-20, -1.01644e-19, 2.83427e-16, 0.998514, -2.52572e-16, 2.69462e-16, 4.57306e-16, 0.998514
4, 48, 24.536, 1.00368, 5.42101e-20, 1.20371e-35, 2.86639e-16, 0.998435, -3.26155e-16, 2.69644e-16, 4.21094e-16, 0.998435
4, 49, 24.568, 1.00384, 0, -6.77626e-20, 2.40337e-16, 0.998355, -2.8299e-16, 2.30285e-16, 4.24506e-16, 0.998355
4, 50, 24.6, 1.004, 0, -9.48677e-20, 2.74981e-16, 0.998276, -2.50502e-16, 2.80341e-16, 4.14453e-16, 0.998276
5, 1, 24.632, 1.00384, 0, -3.38813e-20, 2.44383e-16, 0.998301, -2.67944e-16, 2.37569e-16, 4.07511e-16, 0.998301
5, 2, 24.664, 1.00368, 0, -6.77626e-21, 2.08194e-16, 0.998351, -2.76461e-16, 2.1478e-16, 4.50913e-16, 0.998351
5, 3, 24.696, 1.00352, 0, -4.06576e-20, 2.23671e-16, 0.998402, -2.61018e-16, 2.13513e-16, 3.80155e-16, 0.998402
5, 4, 24.728, 1.00336, 5.42101e-20, 2.71051e-20, 2.70441e-16, 0.998455, -1.84365e-16, 2.56183e-16, 3.7966e-16, 0.998455
5, 5, 24.76, 1.0032, 0, -7.45389e-20, 2.69583e-16, 0.998507, -1.9597e-16, 2.77779e-16, 3.71952e-16, 0.998507
5, 6, 24.792, 1.00304, -2.71051e-20, -9.48677e-20, 2.02007e-16, 0.99856, -2.66375e-16, 1.89908e-16, 4.02879e-16, 0.99856
5, 7, 24.824, 1.00288, -2.71051e-20, -5.42101e-20, 2.21655e-16, 0.998612, -2.36793e-16, 2.38931e-16, 4.55267e-16, 0.998612
5, 8, 24.856, 1.00272, 0, 1.01644e-20, 2.72568e-16, 0.998665, -2.12614e-16, 2.59051e-16, 3.67699e-16, 0.998665
5, 9, 24.888, 1.00256, -2.03288e-20, -1.42302e-19, 1.99774e-16, 0.998718, -2.91417e-16, 1.95126e-16, 4.39305e-16, 0.998718
5, 10, 24.92, 1.0024, 0, 3.38813e-21, 1.82099e-16, 0.99877, -3.26424e-16, 1.84252e-16, 4.35624e-16, 0.99877
5, 11, 24.952, 1.00224, -2.71051e-20, -7.45389e-20, 2.89214e-16, 0.998823, -1.83051e-16, 2.76943e-16, 3.52015e-16, 0.998823
5, 12, 24.984, 1.00208, 0, -3.72694e-20, 2.70407e-16, 0.998875, -1.49971e-16, 2.68642e-16, 3.72474e-16, 0.998875
5, 13, 25.016, 1.00192, 0, -2.71051e-20, 2.07598e-16, 0.998928, -3.41612e-16, 2.22536e-16, 4.30711e-16, 0.998928
5, 14, 25.048, 1.00176, 0, -2.03288e-20, 2.66304e-16, 0.998981, -2.11201e-16, 2.8434e-16, 3.79718e-16, 0.998981
5, 15, 25.08, 1.0016, 0, -1.01644e-20, 2.33629e-16, 0.999033, -2.92687e-16, 2.53392e-16, 3.85717e-16, 0.999033
5, 16, 25.112, 1.00144, -1.35525e-20, -3.38813e-20, 3.30317e-16, 0.999086, -1.54865e-16, 3.23328e-16, 3.5954e-16, 0.999086
5, 17, 25.144, 1.00128, -1.01644e-20, -5.92923e-20, 2.59522e-16, 0.99914, -2.10964e-16, 2.92309e-16, 3.77492e-16, 0.99914
5, 18, 25.176, 1.00112, 0, -1.01644e-20, 2.75467e-16, 0.999196, -1.5064e-16, 2.75416e-16, 3.87619e-16, 0.999196
5, 19, 25.208, 1.00096, 0, -1.35525e-20, 2.42107e-16, 0.999258, -3.35395e-16, 2.64877e-16, 4.21014e-16, 0.999258
5, 20, 25.24, 1.0008, 0, -1.69407e-20, 2.80354e-16, 0.999329, -2.27231e-16, 3.1586e-16, 3.91049e-16, 0.999329
5, 21, 25.272, 1.00064, -5.0822e-21, -2.71051e-20, 2.42801e-16, 0.999407, -2.32806e-16, 2.53e-16, 3.65663e-16, 0.999407
5, 22, 25.304, 1.00048, 0, -5.0822e-21, 2.16159e-16, 0.999487, -3.95858e-16, 2.26071e-16, 5.60627e-16, 0.999487
5, 23, 25.336, 1.00032, 8.47033e-22, -5.92923e-21, 2.61377e-16, 0.999567, -2.4944e-16, 2.39814e-16, 4.7401e-16, 0.999567
5, 24, 25.368, 1.00016, -1.69407e-21, -7.41154e-21, 1.96204e-16, 0.999647, -3.87608e-16, 1.68245e-16, 4.74192e-16, 0.999647
5, 25, 25.4, 1, 0, 2.40741e-34, 2.30239e-16, 0.999727, -2.19924e-16, 1.8031e-16, 4.02707e-16, 0.999727
5, 26, 25.432, 0.99984, -4.23516e-22, 4.65868e-21, 2.12405e-16, 0.999807, -2.75046e-16, 1.48874e-16, 4.16006e-16, 0.999807
5, 27, 25.464, 0.99968, 3.38813e-21, 8.04681e-21, 2.64444e-16, 0.999887, -2.36815e-16, 2.00381e-16, 4.06035e-16, 0.999887
5, 28, 25.496, 0.99952, 0, 2.5411e-21, 2.47777e-16, 0.999967, -2.5802e-16, 2.16363e-16, 4.50973e-16, 0.999967
5, 29, 25.528, 0.99936, 0, 4.23516e-21, 1.7585e-16, 1.00005, -4.00539e-16, 1.39372e-16, 5.29552e-16, 1.00005
5, 30, 25.56, 0.9992, 1.35525e-20, 2.03288e-20, 2.0085e-16, 1.00013, -2.93431e-16, 2.08308e-16, 4.69982e-16, 1.00013
5, 31, 25.592, 0.99904, 0, 1.01644e-20, 2.39281e-16, 1.00021, -3.84634e-16, 2.64259e-16, 4.53462e-16, 1.00021
5, 32, 25.624, 0.99888, 0, -5.0822e-21, 2.88369e-16, 1.00029, -3.94764e-16, 2.46668e-16, 5.03993e-16, 1.00029
5, 33, 25.656, 0.99872, 0, 5.0822e-21, 2.89334e-16, 1.00037, -2.70612e-16, 3.16584e-16, 4.50124e-16, 1.00037
5, 34, 25.688, 0.99856, 1.01644e-20, 5.0822e-20, 2.89455e-16, 1.00045, -2.69245e-16, 3.29522e-16, 4.39771e-16, 1.00045
5, 35, 25.72, 0.9984, 2.71051e-20, 3.38813e-20, 3.28919e-16, 1.00053, -3.48393e-16, 3.5063e-16, 4.81039e-16, 1.00053
5, 36, 25.752, 0.99824, -2.71051e-20, 1.01644e-20, 3.08677e-16, 1.00061, -2.71014e-16, 2.99956e-16, 3.94899e-16, 1.00061
5, 37, 25.784, 0.99808, 0, 1.69407e-20, 3.61478e-16, 1.00069, -1.40152e-16, 3.76869e-16, 3.44849e-16, 1.00069
5, 38, 25.816, 0.99792, 0, 3.38813e-20, 2.04177e-16, 1.00077, -2.95991e-16, 2.3876e-16, 5.22668e-16, 1.00077
5, 39, 25.848, 0.99776, 0, -3.38813e-21, 2.03146e-16, 1.00085, -2.33727e-16, 2.62306e-16, 3.78664e-16, 1.00085
5, 40, 25.88, 0.9976, -6.77626e-21, 2.71051e-20, 2.39583e-16, 1.00093, -3.1149e-16, 2.92443e-16, 4.66719e-16, 1.00093
5, 41, 25.912, 0.99744, 2.71051e-20, 3.38813e-21, 2.04557e-16, 1.00101, -2.11911e-16, 2.74024e-16, 3.36037e-16, 1.00101
5, 42, 25.944, 0.99728, 2.71051e-20, 5.0822e-20, 2.33478e-16, 1.00109, -2.66151e-16, 3.02514e-16, 5.34701e-16, 1.00109
5, 43, 25.976, 0.99712, 1.35525e-20, 5.42101e-20, 1.89193e-16, 1.00117, -2.81166e-16, 2.92367e-16, 4.40301e-16, 1.00117
5, 44, 26.008, 0.99696, 2.71051e-20, 4.06576e-20, 3.17307e-16, 1.00125, -2.49519e-16, 3.7729e-16, 5.43714e-16, 1.00125
5, 45, 26.04, 0.9968, 0, 3.38813e-20, 2.06647e-16, 1.00133, -2.86958e-16, 2.50119e-16, 5.62731e-16, 1.00133
5, 46, 26.072, 0.99664, 0, 3.38813e-20, 2.3967e-16, 1.00141, -2.74584e-16, 2.64711e-16, 5.68329e-16, 1.00141
5, 47, 26.104, 0.99648, 0, 1.35525e-20, 2.44e-16, 1.00149, -3.07764e-16, 3.43201e-16, 6.00031e-16, 1.00149
5, 48, 26.136, 0.99632, 0, 5.42101e-20, 2.48489e-16, 1.00157, -1.78053e-16, 3.03861e-16, 5.52245e-16, 1.00157
5, 49, 26.168, 0.99616, 0, 8.80914e-20, 3.28886e-16, 1.00165, -1.51663e-16, 4.08693e-16, 5.4038e-16, 1.00165
5, 50, 26.2, 0.996, 0, 4.06576e-20, 2.92433e-16, 1.00173, -1.14451e-16, 3.41517e-16, 4.14989e-16, 1.00173
6, 1, 26.2128, 0.99616, 0, 2.71051e-20, 3.07707e-16, 1.00169, -2.13168e-16, 3.26914e-16, 5.24283e-16, 1.00169
6, 2, 26.2256, 0.99632, 0, 2.03288e-20, 2.90715e-16, 1.00164, -2.17037e-16, 3.42747e-16, 5.58049e-16, 1.00164
6, 3, 26.2384, 0.99648, 0, 4.06576e-20, 3.0441e-16, 1.00159, -1.47956e-16, 3.65163e-16, 5.19384e-16, 1.00159
6, 4, 26.2512, 0.99664, 0, 8.80914e-20, 3.30848e-16, 1.00153, -1.93432e-16, 3.91126e-16, 5.67831e-16, 1.00153
6, 5, 26.264, 0.9968, 5.42101e-20, 3.38813e-20, 2.52416e-16, 1.00148, -2.14374e-16, 3.05318e-16, 5.66357e-16, 1.00148
6, 6, 26.2768, 0.99696, 2.71051e-20, 4.06576e-20, 2.58359e-16, 1.00143, -1.79449e-16, 3.42903e-16, 5.35857e-16, 1.00143
6, 7, 26.2896, 0.99712, 2.71051e-20, 2.71051e-20, 2.71738e-16, 1.00137, -1.47634e-16, 3.51166e-16, 5.13627e-16, 1.00137
6, 8, 26.3024, 0.99728, 0, -2.03288e-20, 2.64644e-16, 1.00132, -1.64263e-16, 3.25222e-16, 5.19401e-16, 1.00132
6, 9, 26.3152, 0.99744, 2.03288e-20, 9.82558e-20, 2.66524e-16, 1.00127, -1.50853e-16, 3.53841e-16, 4.74972e-16, 1.00127
6, 10, 26.328, 0.9976, 0, 3.72694e-20, 2.46778e-16, 1.00122, -2.14189e-16, 2.98926e-16, 4.94815e-16, 1.00122
6, 11, 26.3408, 0.99776, 0, 7.52316e-37, 2.67434e-16, 1.00116, -2.43258e-16, 3.3296e-16, 5.48452e-16, 1.00116
6, 12, 26.3536, 0.99792, 0, 2.03288e-20, 2.59265e-16, 1.00111, -2.18726e-16, 3.23131e-16, 5.64608e-16, 1.00111
6, 13, 26.3664, 0.99808, 0, 1.69407e-20, 2.6256e-16, 1.00106, -1.97535e-16, 2.80502e-16, 5.16485e-16, 1.00106
6, 14, 26.3792, 0.99824, 0, -1.35525e-20, 2.76859e-16, 1.001, -2.64215e-16, 3.71617e-16, 5.94199e-16, 1.001
6, 15, 26.392, 0.9984, 2.71051e-20, -1.01644e-20, 2.54713e-16, 1.00095, -2.15417e-16, 3.12489e-16, 5.51773e-16, 1.00095
6, 16, 26.4048, 0.99856, 6.77626e-21, 1.01644e-20, 2.4626e-16, 1.0009, -1.75122e-16, 2.95281e-16, 4.89866e-16, 1.0009
6, 17, 26.4176, 0.99872, 0, 2.37169e-20, 2.72538e-16, 1.00084, -2.57962e-16, 3.1984e-16, 5.44097e-16, 1.00084
6, 18, 26.4304, 0.99888, 0, 1.01644e-20, 2.53251e-16, 1.00079, -1.216e-16, 3.05701e-16, 4.74147e-16, 1.00079
6, 19, 26.4432, 0.99904, 0, 1.69407e-20, 2.71848e-16, 1.00074, -1.75666e-16, 3.29846e-16, 5.21811e-16, 1.00074
6, 20, 26.456, 0.9992, 1.35525e-20, 2.37169e-20, 2.62298e-16, 1.00068, -2.12328e-16, 3.26806e-16, 5.66422e-16, 1.00068
6, 21, 26.4688, 0.99936, 6.77626e-21, 2.71051e-20, 1.97119e-16, 1.00061, -1.7482e-16, 2.68978e-16, 5.27232e-16, 1.00061
6, 22, 26.4816, 0.99952, 0, 1.10114e-20, 2.50257e-16, 1.00054, -2.37146e-16, 3.11186e-16, 5.87755e-16, 1.00054
6, 23, 26.4944, 0.99968, 3.38813e-21, 1.27055e-21, 3.22989e-16, 1.00046, -1.46876e-16, 3.90065e-16, 5.26337e-16, 1.00046
6, 24, 26.5072, 0.99984, 0, 4.23516e-22, 2.95255e-16, 1.00038, -1.47375e-16, 3.76586e-16, 3.94185e-16, 1.00038
6, 25, 26.52, 1, -2.31112e-33, 3.85186e-34, 4.37e-16, 1.0003, -2.00663e-16, 4.96086e-16, 4.48292e-16, 1.0003
6, 26, 26.5328, 1.00016, -1.69407e-21, -3.17637e-21, 3.6471e-16, 1.00022, -1.56166e-16, 4.88317e-16, 4.46543e-16, 1.00022
6, 27, 26.5456, 1.00032, 8.47033e-22, -2.11758e-21, 2.78371e-16, 1.00014, -1.51004e-16, 3.96032e-16, 4.72044e-16, 1.00014
6, 28, 26.5584, 1.00048, 0, -1.18585e-20, 3.0452e-16, 1.00006, -2.30346e-16, 4.03256e-16, 4.78057e-16, 1.00006
6, 29, 26.5712, 1.00064, 0, -5.92923e-21, 4.21559e-16, 0.999976, -1.29422e-16, 5.17476e-16, 4.35375e-16, 0.999976
6, 30, 26.584, 1.0008, 0, 3.38813e-21, 4.3476e-16, 0.999896, -1.2456e-17, 5.27958e-16, 3.17279e-16, 0.999896
6, 31, 26.5968, 1.00096, 0, -1.52466e-20, 3.93022e-16, 0.999816, -7.42064e-17, 4.87787e-16, 3.69986e-16, 0.999816
6, 32, 26.6096, 1.00112, 0, -3.38813e-21, 3.45506e-16, 0.999736, -5.00088e-17, 4.66544e-16, 3.56016e-16, 0.999736
6, 33, 26.6224, 1.00128, 0, -3.38813e-21, 4.65444e-16, 0.999656, -1.3533e-17, 5.55201e-16, 3.79472e-16, 0.999656
6, 34, 26.6352, 1.00144, -1.35525e-20, 1.01644e-20, 4.33751e-16, 0.999576, -7.87055e-17, 5.55512e-16, 3.12636e-16, 0.999576
6, 35, 26.648, 1.0016, 0, -1.69407e-20, 4.7127e-16, 0.999497, -9.7048e-17, 5.82894e-16, 3.33705e-16, 0.999497
6, 36, 26.6608, 1.00176, -2.71051e-20, -4.74338e-20, 5.18431e-16, 0.999417, -1.87799e-16, 6.15475e-16, 5.5557e-16, 0.999417
6, 37, 26.6736, 1.00192, 0, 3.38813e-21, 4.57176e-16, 0.999337, -1.5532e-17, 6.11971e-16, 3.39601e-16, 0.999337
6, 38, 26.6864, 1.00208, 0, -1.01644e-20, 4.74191e-16, 0.999257, -6.61363e-18, 6.55127e-16, 3.1769e-16, 0.999257
6, 39, 26.6992, 1.00224, 0, -4.74338e-20, 4.41973e-16, 0.999177, 2.29597e-17, 5.88215e-16, 3.67314e-16, 0.999177
6, 40, 26.712, 1.0024, -2.71051e-20, -6.43745e-20, 4.4857e-16, 0.999098, -2.39609e-17, 5.98829e-16, 3.51431e-16, 0.999098
6, 41, 26.7248, 1.00256, 0, -6.77626e-21, 4.92994e-16, 0.999018, -2.2299e-17, 6.40645e-16, 3.90452e-16, 0.999018
6, 42, 26.7376, 1.00272, -2.71051e-20, -4.74338e-20, 4.72666e-16, 0.998938, -5.37019e-18, 6.25105e-16, 3.39208e-16, 0.998938
6, 43, 26.7504, 1.00288, -2.03288e-20, -1.35525e-20, 5.11189e-16, 0.998858, -2.70678e-17, 6.98523e-16, 3.67235e-16, 0.998858
6, 44, 26.7632, 1.00304, -2.71051e-20, -6.09864e-20, 5.26658e-16, 0.998779, 4.58313e-17, 6.63754e-16, 2.79118e-16, 0.998779
6, 45, 26.776, 1.0032, 0, -6.77626e-20, 5.03075e-16, 0.998699, 1.48959e-17, 6.89859e-16, 3.38308e-16, 0.998699
6, 46, 26.7888, 1.00336, 5.42101e-20, 1.01644e-19, 5.38632e-16, 0.998619, 4.57127e-17, 7.36668e-16, 3.43357e-16, 0.998619
6, 47, 26.8016, 1.00352, -5.42101e-20, -3.38813e-20, 5.59238e-16, 0.99854, -2.11724e-17, 7.41591e-16, 3.35205e-16, 0.99854
6, 48, 26.8144, 1.00368, 0, -4.06576e-20, 5.63602e-16, 0.99846, 1.11005e-16, 6.77911e-16, 2.49665e-16, 0.99846
6, 49, 26.8272, 1.00384, 0, -4.74338e-20, 5.94909e-16, 0.998381, 9.88996e-17, 7.10999e-16, 1.98063e-16, 0.998381
6, 50, 26.84, 1.004, 0, -1.35525e-20, 5.84456e-16, 0.998301, 7.02665e-17, 7.28228e-16, 2.32585e-16, 0.998301
7, 1, 26.8528, 1.00384, 5.42101e-20, 2.03288e-20, 5.60658e-16, 0.998326, 1.12374e-16, 6.91291e-16, 1.8345e-16, 0.998326
7, 2, 26.8656, 1.00368, 0, -1.35525e-20, 6.00811e-16, 0.998375, 5.89501e-17, 7.24752e-16, 2.14852e-16, 0.998375
7, 3, 26.8784, 1.00352, 0, -4.06576e-20, 6.10125e-16, 0.998427, 2.08031e-18, 7.34001e-16, 2.71782e-16, 0.998427
7, 4, 26.8912, 1.00336, -5.42101e-20, -8.80914e-20, 5.99737e-16, 0.998479, 8.56147e-17, 7.00805e-16, 2.43685e-16, 0.998479
7, 5, 26.904, 1.0032, 5.42101e-20, -9.48677e-20, 5.97978e-16, 0.998532, 4.93244e-17, 7.16708e-16, 2.11145e-16, 0.998532
7, 6, 26.9168, 1.00304, -2.71051e-20, -4.06576e-20, 6.34001e-16, 0.998584, -3.07439e-17, 7.67293e-16, 2.74503e-16, 0.998584
7, 7, 26.9296, 1.00288, -1.35525e-20, -3.38813e-20, 5.95913e-16, 0.998637, 5.07203e-17, 7.04852e-16, 2.6286e-16, 0.998637
7, 8, 26.9424, 1.00272, -2.03288e-20, -5.42101e-20, 5.93404e-16, 0.998689, -6.60228e-17, 7.48554e-16, 3.35837e-16, 0.998689
7, 9, 26.9552, 1.00256, -2.71051e-20, -1.05032e-19, 5.86818e-16, 0.998742, 5.87011e-17, 7.13176e-16, 2.14758e-16, 0.998742
7, 10, 26.968, 1.0024, -2.71051e-20, -6.77626e-21, 6.10721e-16, 0.998795, 1.01068e-17, 7.46709e-16, 3.26272e-16, 0.998795
7, 11, 26.9808, 1.00224, 0, -4.40457e-20, 5.90672e-16, 0.998847, -2.15705e-17, 7.38193e-16, 2.75985e-16, 0.998847
7, 12, 26.9936, 1.00208, 0, -2.37169e-20, 6.02471e-16, 0.9989, 8.86827e-17, 7.03166e-16, 2.15121e-16, 0.9989
7, 13, 27.0064, 1.00192, 0, -6.77626e-21, 6.14985e-16, 0.998952, 1.25817e-16, 7.17735e-16, 2.07767e-16, 0.998952
7, 14, 27.0192, 1.00176, -2.71051e-20, -4.40457e-20, 5.40969e-16, 0.999005, 9.83964e-17, 6.68785e-16, 2.24432e-16, 0.999005
7, 15, 27.032, 1.0016, 0, -2.03288e-20, 5.70284e-16, 0.999058, 7.11474e-17, 7.17425e-16, 2.28643e-16, 0.999058
7, 16, 27.0448, 1.00144, -1.35525e-20, -3.72694e-20, 6.30545e-16, 0.99911, 3.60989e-17, 7.6721e-16, 2.51206e-16, 0.99911
7, 17, 27.0576, 1.00128, -1.35525e-20, -3.04932e-20, 6.08049e-16, 0.999163, 2.40202e-17, 7.2515e-16, 2.24992e-16, 0.999163
7, 18, 27.0704, 1.00112, -1.35525e-20, -3.04932e-20, 6.36217e-16, 0.999216, 9.47017e-17, 7.3049e-16, 1.80415e-16, 0.999216
7, 19, 27.0832, 1.00096, 0, -2.37169e-20, 6.09828e-16, 0.99927, 1.9453e-17, 7.32135e-16, 2.65248e-16, 0.99927
7, 20, 27.096, 1.0008, -1.35525e-20, -2.71051e-20, 5.91453e-16, 0.999328, 1.27377e-17, 7.49045e-16, 2.25307e-16, 0.999328
7, 21, 27.1088, 1.00064, -6.77626e-21, -4.23516e-21, 5.94461e-16, 0.999391, 1.5316e-16, 6.95498e-16, 2.37115e-16, 0.999391
7, 22, 27.1216, 1.00048, 0, -1.69407e-21, 6.54186e-16, 0.999463, -8.31236e-17, 7.71889e-16, 3.26469e-16, 0.999463
7, 23, 27.1344, 1.00032, -3.38813e-21, -6.35275e-21, 5.95319e-16, 0.999541, 8.16201e-18, 7.4836e-16, 3.00192e-16, 0.999541
7, 24, 27.1472, 1.00016, 0, -2.96462e-21, 7.28644e-16, 0.99962, 9.08799e-17, 8.52408e-16, 1.95131e-16, 0.99962
7, 25, 27.16, 1, 0, -1.34815e-33, 6.0728e-16, 0.9997, 1.58688e-16, 7.57396e-16, 1.62669e-16, 0.9997
7, 26, 27.1728, 0.99984, 1.69407e-21, 2.32934e-21, 6.49477e-16, 0.99978, 1.375e-16, 8.1645e-16, 2.28232e-16, 0.99978
7, 27, 27.1856, 0.99968, 0, -4.23516e-22, 7.50238e-16, 0.99986, 9.36331e-17, 8.42887e-16, 1.66434e-16, 0.99986
7, 28, 27.1984, 0.99952, 0, -8.47033e-22, 7.9287e-16, 0.99994, 2.35034e-17, 8.97286e-16, 2.30703e-16, 0.99994
7, 29, 27.2112, 0.99936, 0, 5.0822e-21, 7.24739e-16, 1.00002, 1.33668e-17, 8.9706e-16, 2.11552e-16, 1.00002
7, 30, 27.224, 0.9992, 0, 1.52466e-20, 7.24834e-16, 1.0001, -1.35576e-17, 8.09322e-16, 1.75975e-16, 1.0001
7, 31, 27.2368, 0.99904, 0, 2.20229e-20, 7.93218e-16, 1.00018, 3.19543e-18, 9.29915e-16, 2.00024e-16, 1.00018
7, 32, 27.2496, 0.99888, 1.35525e-20, 1.69407e-20, 7.09107e-16, 1.00026, -3.78484e-17, 8.51242e-16, 1.76513e-16, 1.00026
7, 33, 27.2624, 0.99872, 1.35525e-20, 3.72694e-20, 7.00734e-16, 1.00034, -1.1719e-16, 8.41515e-16, 1.86267e-16, 1.00034
7, 34, 27.2752, 0.99856, 6.77626e-21, 6.77626e-21, 7.48826e-16, 1.00042, -8.54707e-17, 8.9499e-16, 2.08167e-16, 1.00042
7, 35, 27.288, 0.9984, -3.00927e-36, 2.03288e-20, 7.76577e-16, 1.0005, -2.42285e-17, 8.71621e-16, 1.99615e-16, 1.0005
7, 36, 27.3008, 0.99824, -2.71051e-20, -3.38813e-21, 7.78223e-16, 1.00058, -1.72851e-16, 9.20926e-16, 2.97854e-16, 1.00058
7, 37, 27.3136, 0.99808, 0, 2.71051e-20, 7.83903e-16, 1.00066, -2.049e-16, 9.22507e-16, 3.08301e-16, 1.00066
7, 38, 27.3264, 0.99792, 0, 2.03288e-20, 7.39438e-16, 1.00074, -7.34225e-17, 8.69222e-16, 3.32067e-16, 1.00074
7, 39, 27.3392, 0.99776, 0, -1.01644e-20, 7.45082e-16, 1.00082, -8.51759e-17, 9.3938e-16, 2.9605e-16, 1.00082
7, 40, 27.352, 0.9976, 0, -3.38813e-21, 7.85376e-16, 1.0009, -1.49794e-16, 9.5349e-16, 4.07294e-16, 1.0009
7, 41, 27.3648, 0.99744, 2.03288e-20, 8.80914e-20, 7.39346e-16, 1.00098, -7.70648e-17, 9.05771e-16, 3.96278e-16, 1.00098
7, 42, 27.3776, 0.99728, -6.77626e-21, 5.0822e-20, 8.14732e-16, 1.00106, -1.82014e-16, 9.71205e-16, 5.63363e-16, 1.00106
7, 43, 27.3904, 0.99712, 2.71051e-20, 7.45389e-20, 8.39189e-16, 1.00114, -2.05463e-16, 1.04159e-15, 5.3121e-16, 1.00114
7, 44, 27.4032, 0.99696, 0, -2.71051e-20, 8.01478e-16, 1.00122, -8.38461e-17, 9.44376e-16, 4.67825e-16, 1.00122
7, 45, 27.416, 0.9968, 5.42101e-20, 8.80914e-20, 8.42879e-16, 1.0013, -1.27433e-16, 1.01351e-15, 4.25255e-16, 1.0013
7, 46, 27.4288, 0.99664, 5.42101e-20, 1.01644e-19, 8.09611e-16, 1.00138, -1.14875e-16, 1.01936e-15, 3.29723e-16, 1.00138
7, 47, 27.4416, 0.99648, 0, 5.42101e-20, 8.81243e-16, 1.00146, -8.33514e-17, 1.03112e-15, 2.63766e-16, 1.00146
7, 48, 27.4544, 0.99632, 0, 8.80914e-20, 8.94806e-16, 1.00154, -2.94195e-16, 1.10158e-15, 4.13901e-16, 1.00154
7, 49, 27.4672, 0.99616, 0, 1.15196e-19, 8.60348e-16, 1.00162, -5.18486e-17, 1.01158e-15, 2.71366e-16, 1.00162
7, 50, 27.48, 0.996, 0, 4.06576e-20, 8.73748e-16, 1.00171, -8.92637e-17, 1.04889e-15, 3.03522e-16, 1.00171
8, 1, 27.4851, 0.99616, 0, 2.71051e-20, 8.82297e-16, 1.00166, -1.0982e-16, 1.03259e-15, 2.67988e-16, 1.00166
8, 2, 27.4902, 0.99632, 0, 8.80914e-20, 8.44827e-16, 1.00161, -6.72544e-17, 1.04627e-15, 3.31905e-16, 1.00161
8, 3, 27.4954, 0.99648, -5.42101e-20, 6.09864e-20, 9.14162e-16, 1.00156, -8.89994e-17, 1.04969e-15, 2.99264e-16, 1.00156
8, 4, 27.5005, 0.99664, 5.42101e-20, 5.42101e-20, 8.58644e-16, 1.00151, -8.70852e-17, 1.01507e-15, 3.0299e-16, 1.00151
8, 5, 27.5056, 0.9968, 0, 1.35525e-20, 8.65464e-16, 1.00145, -5.54603e-17, 1.05834e-15, 2.60764e-16, 1.00145
8, 6, 27.5107, 0.99696, 2.71051e-20, 6.77626e-20, 7.85643e-16, 1.0014, -1.82749e-16, 9.7833e-16, 3.40006e-16, 1.0014
8, 7, 27.5158, 0.99712, 2.71051e-20, 5.42101e-20, 8.07312e-16, 1.00135, -8.57977e-17, 1.0106e-15, 3.37566e-16, 1.00135
8, 8, 27.521, 0.99728, 2.71051e-20, 3.72694e-20, 8.89171e-16, 1.0013, -3.1779e-17, 1.05393e-15, 3.2131e-16, 1.0013
8, 9, 27.5261, 0.99744, 2.71051e-20, 4.74338e-20, 7.67361e-16, 1.00124, -1.94767e-17, 8.98195e-16, 2.20113e-16, 1.00124
8, 10, 27.5312, 0.9976, 0, -6.77626e-21, 8.69473e-16, 1.00119, -7.91078e-17, 1.04211e-15, 3.05293e-16, 1.00119
8, 11, 27.5363, 0.99776, 2.71051e-20, 4.40457e-20, 8.63767e-16, 1.00114, -1.08141e-16, 1.02062e-15, 3.0861e-16, 1.00114
8, 12, 27.5414, 0.99792, 0, 2.71051e-20, 8.7796e-16, 1.00108, -6.76898e-17, 1.01176e-15, 2.6553e-16, 1.00108
8, 13, 27.5466, 0.99808, 0, 1.69407e-20, 8.86354e-16, 1.00103, -7.54012e-17, 1.02884e-15, 2.63913e-16, 1.00103
8, 14, 27.5517, 0.99824, 0, 1.69407e-20, 8.87692e-16, 1.00098, -8.58214e-17, 1.01896e-15, 2.79436e-16, 1.00098
8, 15, 27.5568, 0.9984, 0, 6.77626e-21, 8.64365e-16, 1.00092, -5.56314e-17, 1.05306e-15, 2.58376e-16, 1.00092
8, 16, 27.5619, 0.99856, 1.35525e-20, 3.38813e-20, 8.70484e-16, 1.00087, -1.32527e-17, 1.00937e-15, 2.74637e-16, 1.00087
8, 17, 27.567, 0.99872, 1.35525e-20, 3.21873e-20, 8.56679e-16, 1.00082, -7.26551e-17, 1.06067e-15, 2.63859e-16, 1.00082
8, 18, 27.5722, 0.99888, 0, 1.35525e-20, 8.67499e-16, 1.00077, -4.03798e-17, 1.00344e-15, 3.10595e-16, 1.00077
8, 19, 27.5773, 0.99904, 0, 1.86347e-20, 8.8117e-16, 1.00071, -1.18856e-16, 1.00106e-15, 3.19718e-16, 1.00071
8, 20, 27.5824, 0.9992, -1.35525e-20, -5.0822e-21, 7.56588e-16, 1.00066, -1.69564e-16, 9.23108e-16, 3.11174e-16, 1.00066
8, 21, 27.5875, 0.99936, 0, 2.5411e-21, 8.43093e-16, 1.0006, -8.40519e-17, 1.06272e-15, 3.20983e-16, 1.0006
8, 22, 27.5926, 0.99952, 0, 5.0822e-21, 8.82151e-16, 1.00054, -5.41551e-17, 1.04709e-15, 3.26074e-16, 1.00054
8, 23, 27.5978, 0.99968, 3.38813e-21, 8.89385e-21, 8.15668e-16, 1.00048, -1.56696e-16, 9.73136e-16, 3.96069e-16, 1.00048
8, 24, 27.6029, 0.99984, -4.23516e-22, 4.65868e-21, 8.66939e-16, 1.0004, -4.87044e-17, 1.03035e-15, 2.98114e-16, 1.0004
8, 25, 27.608, 1, -1.2326e-32, -1.54074e-33, 8.26807e-16, 1.00032, -7.45114e-17, 9.96922e-16, 2.52377e-16, 1.00032
8, 26, 27.6131, 1.00016, -1.69407e-21, -5.50571e-21, 8.47828e-16, 1.00024, -7.04003e-17, 1.04867e-15, 2.78119e-16, 1.00024
8, 27, 27.6182, 1.00032, -3.38813e-21, -6.35275e-21, 9.00993e-16, 1.00016, -3.5072e-17, 1.03922e-15, 2.60625e-16, 1.00016
8, 28, 27.6234, 1.00048, 0, 8.47033e-22, 9.42585e-16, 1.00008, -3.6972e-17, 1.02569e-15, 2.71138e-16, 1.00008
8, 29, 27.6285, 1.00064, -6.77626e-21, -1.43996e-20, 9.1112e-16, 1, -6.43491e-17, 1.01351e-15, 3.11295e-16, 1
8, 30, 27.6336, 1.0008, -1.35525e-20, -2.20229e-20, 9.48644e-16, 0.999924, -1.46369e-17, 1.05456e-15, 1.89441e-16, 0.999924
8, 31, 27.6387, 1.00096, 0, -2.20229e-20, 1.00655e-15, 0.999844, -4.27087e-17, 1.10505e-15, 2.56724e-16, 0.999844
8, 32, 27.6438, 1.00112, 0, 8.47033e-21, 9.91892e-16, 0.999764, -5.36722e-18, 1.06967e-15, 2.0165e-16, 0.999764
8, 33, 27.649, 1.00128, 3.38813e-21, -1.86347e-20, 9.63597e-16, 0.999684, -6.30447e-18, 1.06732e-15, 1.87938e-16, 0.999684
8, 34, 27.6541, 1.00144, -1.01644e-20, -3.72694e-20, 9.66836e-16, 0.999604, 6.94364e-17, 1.05806e-15, 1.93687e-16, 0.999604
8, 35, 27.6592, 1.0016, 2.71051e-20, 1.01644e-20, 9.90303e-16, 0.999524, -8.80592e-17, 1.08382e-15, 2.10053e-16, 0.999524
8, 36, 27.6643, 1.00176, -2.71051e-20, -1.69407e-20, 9.39408e-16, 0.999445, -4.73237e-18, 1.04729e-15, 2.14487e-16, 0.999445
8, 37, 27.6694, 1.00192, 0, 1.35525e-20, 9.72102e-16, 0.999365, -1.1352e-16, 1.06285e-15, 2.41531e-16, 0.999365
8, 38, 27.6746, 1.00208, 0, 1.35525e-20, 1.00663e-15, 0.999285, -1.94943e-16, 1.08091e-15, 2.53595e-16, 0.999285
8, 39, 27.6797, 1.00224, 0, -4.40457e-20, 1.03854e-15, 0.999205, -2.19209e-16, 1.09983e-15, 3.26921e-16, 0.999205
8, 40, 27.6848, 1.0024, -2.03288e-20, -6.09864e-20, 1.02572e-15, 0.999125, -2.26093e-16, 1.1313e-15, 2.61626e-16, 0.999125
8, 41, 27.6899, 1.00256, 0, 1.69407e-20, 1.03599e-15, 0.999046, -1.52005e-16, 1.15362e-15, 1.86676e-16, 0.999046
8, 42, 27.695, 1.00272, -2.03288e-20, -6.43745e-20, 1.04999e-15, 0.998966, -6.96685e-17, 1.14616e-15, 1.30579e-16, 0.998966
8, 43, 27.7002, 1.00288, 0, -3.38813e-20, 1.019e-15, 0.998886, -9.26535e-17, 1.14099e-15, 1.5037e-16, 0.998886
8, 44, 27.7053, 1.00304, 0, -6.77626e-20, 1.04299e-15, 0.998807, -3.70775e-16, 1.08654e-15, 2.53061e-16, 0.998807
8, 45, 27.7104, 1.0032, 5.42101e-20, 8.13152e-20, 1.0705e-15, 0.998727, -1.90835e-16, 1.17748e-15, 2.31653e-16, 0.998727
8, 46, 27.7155, 1.00336, 5.42101e-20, -5.42101e-20, 1.02284e-15, 0.998647, -3.94943e-16, 1.0788e-15, 3.72579e-16, 0.998647
8, 47, 27.7206, 1.00352, 0, -1.01644e-19, 1.07553e-15, 0.998568, -2.62455e-16, 1.1247e-15, 2.30854e-16, 0.998568
8, 48, 27.7258, 1.00368, 0, -3.38813e-20, 9.88684e-16, 0.998488, -3.35015e-16, 1.06208e-15, 3.14849e-16, 0.998488
8, 49, 27.7309, 1.00384, 0, -6.77626e-20, 1.03158e-15, 0.998408, -3.45383e-16, 1.12779e-15, 3.18278e-16, 0.998408
8, 50, 27.736, 1.004, 0, -4.06576e-20, 1.04052e-15, 0.998329, -3.34337e-16, 1.10164e-15, 2.49848e-16, 0.998329
8, 51, 27.736, 1.004, 0, -8.80914e-20, 1.02036e-15, 0.998329, -3.13043e-16, 1.12435e-15, 2.54249e-16, 0.998329
